<?xml version="1.0" encoding="UTF-8"?>
<!DOCTYPE mapper PUBLIC "-//mybatis.org//DTD Mapper 3.0//EN" 
"http://mybatis.org/dtd/mybatis-3-mapper.dtd">
<mapper namespace="com.stomato.dao.AdChannelDao">
	<resultMap type="com.stomato.domain.AdChannel" id="adChannel"> 
		<result property="id" column="id" />
		<result property="channelName" column="channel_name" />
		<result property="contactTel" column="contact_tel" />
		<result property="qq" column="qq"/>
		<result property="contactName" column="contact_name"/>
		<result property="description" column="description"/>
		<result property="enable" column="enable"/>
		<result property="createTime" column="create_time"/>
	</resultMap>
	
	<insert id="addAdChannel" parameterType="com.stomato.domain.AdChannel">
		insert into t_ad_channel (channel_name,
							contact_tel,
							qq,
							contact_name,
							description,
							enable,
							create_time,
							is_del) 
		values (#{channelName},#{contactTel},#{qq},#{contactName},#{description},#{enable},now(),0)
	</insert>
	
	<select id="getAdChannel" parameterType="int" resultMap="adChannel" >
		select id,
				channel_name,
				contact_tel,
				qq,
				contact_name,
				description,
				enable,
				create_time
				from t_ad_channel where id=#{id}
	</select>
	<update id="updateAdChannel" parameterType="com.stomato.domain.AdChannel">
		update t_ad_channel 
		<set>
			<if test="channelName != null">channel_name=#{channelName},</if>
			<if test="contactTel != null">contact_tel=#{contactTel},</if>
			<if test="qq != null">qq=#{qq},</if>
			<if test="contactName != null">contact_name=#{contactName},</if>
			<if test="description != null">description=#{description},</if>
			<if test="enable != null">enable=#{enable}</if>
		</set>
        where id = #{id}
	</update>
	
	<update id="deleteAdChannel" parameterType="int">
		update t_ad_channel set is_del=1 where id = #{id}
	</update>
	
	<select id="listTotal" parameterType="com.stomato.form.AdChannelFormParam" resultType="int" >
		select count(1) from t_ad_channel where is_del=0
		<if test="channelName != null">
		 	and channel_name like '%${channelName}%'
		</if>
		<if test="startDate != null">
            and create_time between concat(#{startDate}, ' 00:00:00') and concat(#{endDate}, ' 23:59:59')
        </if>
	</select>
	<select id="listAdChannel" parameterType="com.stomato.form.AdChannelFormParam" resultMap="adChannel" >
		select  id,
				channel_name,
				contact_tel,
				qq,
				contact_name,
				description,
				enable,
				create_time
				from t_ad_channel where is_del=0
		<if test="channelName != null">
		 	and channel_name like '%${channelName}%'
		</if>
		<if test="startDate != null">
            and create_time between concat(#{startDate}, ' 00:00:00') and concat(#{endDate}, ' 23:59:59')
        </if>
		order by create_time asc
		<if test="offset != null">limit #{offset},#{pageSize}</if>
	</select>
	<select id="queryAdChannelList" parameterType="com.stomato.domain.AdChannel" resultMap="adChannel" >
		select  id,
				channel_name,
				contact_tel,
				qq,
				contact_name,
				description,
				enable,
				create_time
		from t_ad_channel where is_del=0
		<if test="channelName != null">
		 	and channel_name like '%${channelName}%'
		</if>
		<if test="contactTel != null">
            and contact_tel = #contactTel#
        </if>
        <if test="contactName != null">
            and contact_name = like '%${contactName}%'
        </if>
        <if test="enable != null">
        	and enable=#{enable}
        </if>
		order by create_time asc
	</select>
</mapper>