<?xml version="1.0" encoding="UTF-8"?>
<!DOCTYPE mapper PUBLIC "-//mybatis.org//DTD Mapper 3.0//EN" 
"http://mybatis.org/dtd/mybatis-3-mapper.dtd">
<mapper namespace="com.stomato.dao.AdResourceDao">
	<resultMap type="com.stomato.domain.AdResource" id="adResource"> 
		<result property="id" column="id" />
		<result property="channelId" column="channel_id" />
		<result property="adName" column="ad_name" />
		<result property="adTitle" column="ad_title" />
		<result property="adIcon" column="ad_icon" />
		<result property="adBanner" column="ad_banner" />
		<result property="desktopIcon" column="desktop_icon" />
		<result property="adImages" column="ad_images"/>
		<result property="adPackage" column="ad_package" />
		<result property="fileSize" column="file_size" />
		<result property="version" column="version" />
		<result property="supportPlatform" column="support_platform" />
		<result property="appTypeId" column="app_type_id" />
		<result property="chargeType" column="charge_type" />
		<result property="displayPosition" column="display_position" />
		<result property="price" column="price" />
		<result property="clearingForm" column="clearing_form" />
		<result property="downloads" column="downloads" />
		<result property="recommens" column="recommens" />
		<result property="adRating" column="ad_rating" />
		<result property="language" column="language" />
		<result property="description" column="description" />
		<result property="modifyDate" column="modify_date" />
		<result property="createDate" column="create_date" />
		<result property="apkUrl" column="apk_url" />
		<result property="shelfDate" column="shelf_date" />
		<result property="startTime" column="start_time" />
		<result property="endTime" column="end_time" />
		<result property="status" column="status" />
		<result property="isDel" column="is_del" />
		<result property="isRecom" column="is_recom" />
		<result property="adMode" column="ad_mode" />
		<result property="downloadMode" column="download_mode" />
		<result property="installMode" column="install_mode" />
	</resultMap>
	
	<insert id="addAdResource" parameterType="com.stomato.domain.AdResource">
		insert into t_ad_resource (
			channel_id, 
			ad_name, 
			ad_title, 
			ad_icon, 
			ad_banner, 
			desktop_icon, 
			ad_images, 
			ad_package, 
			file_size, 
			version, 
			support_platform, 
			app_type_id, 
			charge_type, 
			display_position,
			price, 
			clearing_form, 
			downloads, 
			recommens, 
			ad_rating, 
			language,
			description, 
			modify_date, 
			create_date, 
			apk_url, 
			shelf_date,
			start_time, 
			end_time, 
			status,
			is_recom, 
			is_del,
			ad_mode,
			download_mode,
			install_mode) 
		values (#{channelId},
			#{adName},
			#{adTitle},
			#{adIcon},
			#{adBanner},
			#{desktopIcon},
			#{adImages},
			#{adPackage},
			#{fileSize},
			#{version},
			#{supportPlatform},
			#{appTypeId},
			#{chargeType},
			#{displayPosition},
			#{price},
			#{clearingForm},
			#{downloads},
			#{recommens},
			#{adRating},
			#{language},
			#{description},
			#{modifyDate},
			now(),
			#{apkUrl},
			#{shelfDate},
			#{startTime},
			#{endTime},
			0,
			0,
			0,
			0,
			0,
			0
			)
		 <selectKey  keyProperty="id" resultType="int"> 
		    SELECT @@IDENTITY as ID
		 </selectKey>
	</insert>
	
	<select id="hasPackage" parameterType="string" resultType="int" >
		select count(1) from t_ad_resource where ad_package = #{adPackage}
	</select>
	
	<select id="getAdResource" parameterType="int" resultMap="adResource" >
		select id,
				channel_id, 
				ad_name, 
				ad_title, 
				ad_icon, 
				ad_banner, 
				desktop_icon, 
				ad_images, 
				ad_package, 
				file_size, 
				version, 
				support_platform, 
				app_type_id, 
				charge_type, 
				display_position,
				price, 
				clearing_form, 
				downloads, 
				recommens, 
				ad_rating,
				language, 
				description, 
				modify_date, 
				create_date, 
				apk_url, 
				shelf_date,
				start_time, 
				end_time, 
				status, 
				is_recom,
				is_del,
				ad_mode,
				download_mode,
				install_mode
		from t_ad_resource where id=#{id} 
	</select>
	<update id="updateAdResource" parameterType="com.stomato.domain.AdResource">
		update t_ad_resource 
		<set>
			<if test="channelId != null">channel_id = #{channelId},</if>
			<if test="adName != null">ad_name = #{adName},</if>
			<if test="adTitle != null">ad_title = #{adTitle},</if>
			<if test="adIcon != null">ad_icon = #{adIcon},</if>
			<if test="adBanner != null">ad_banner = #{adBanner},</if>
			<if test="desktopIcon != null">desktop_icon = #{desktopIcon},</if>
			<if test="adImages != null">ad_images = #{adImages},</if>
			<if test="adPackage != null">ad_package = #{adPackage},</if>
			<if test="fileSize != null">file_size = #{fileSize},</if>
			<if test="version != null">version = #{version},</if>
			<if test="supportPlatform != null">support_platform = #{supportPlatform},</if>
			<if test="appTypeId != null">app_type_id = #{appTypeId},</if>
			<if test="chargeType != null">charge_type = #{chargeType},</if>
			<if test="displayPosition != null">display_position = #{displayPosition},</if>
			<if test="price != null">price = #{price},</if>
			<if test="clearingForm != null">clearing_form = #{clearingForm},</if>
			<if test="downloads != null">downloads = #{downloads},</if>
			<if test="recommens != null">recommens = #{recommens},</if>
			<if test="adRating != null">ad_rating = #{adRating},</if>
			<if test="language != null">language = #{language},</if>
			<if test="description != null">description = #{description},</if>
			<if test="apkUrl != null">apk_url = #{apkUrl},</if>
			<if test="shelfDate != null">shelf_date = #{shelfDate},</if>
			<if test="startTime != null">start_time = #{startTime},</if>
			<if test="endTime != null">end_time = #{endTime},</if>
			<if test="status != null">status = #{status},</if>
			<if test="isRecom != null">is_recom = #{isRecom},</if>
			<if test="isDel != null">is_del = #{isDel},</if>
			<if test="adMode != null">ad_mode = #{adMode},</if>
			<if test="downloadMode != null">download_mode = #{downloadMode},</if>
			<if test="installMode != null">install_mode = #{installMode},</if>
			modify_date = now()
		</set> 
        where id = #{id}
	</update>
	<select id="listTotal" parameterType="com.stomato.form.AdResourceFormParam" resultType="int">
		select count(1) from t_ad_resource where 1=1
		<if test="adName != null">
		 	and ad_name like '%${adName}%'
		</if>
		<choose>
			<when test="isDel != null">
				and is_del=#{isDel}
			</when>
			<otherwise>
				and is_del=0
			</otherwise>
		</choose>
		<if test="startDate != null">
            and create_date between concat(#{startDate}, ' 00:00:00') and concat(#{endDate}, ' 23:59:59')
        </if>
	</select>
	<select id="listAdResource" parameterType="com.stomato.form.AdResourceFormParam" resultMap="adResource" >
		select  id,
				channel_id, 
				ad_name, 
				ad_title, 
				ad_icon, 
				ad_banner, 
				desktop_icon, 
				ad_images, 
				ad_package, 
				file_size, 
				version, 
				support_platform, 
				app_type_id, 
				charge_type, 
				display_position,
				price, 
				clearing_form, 
				downloads, 
				recommens, 
				ad_rating, 
				language,
				description, 
				modify_date, 
				create_date, 
				apk_url, 
				shelf_date,
				start_time, 
				end_time, 
				status, 
				is_recom,
				is_del,
				ad_mode,
				download_mode,
				install_mode
		from t_ad_resource where 1=1 
		<if test="adName != null">
		 	and ad_name like '%${adName}%'
		</if>
		<choose>
			<when test="isDel != null">
				and is_del=#{isDel}
			</when>
			<otherwise>
				and is_del=0
			</otherwise>
		</choose>
		<if test="startDate != null">
            and create_date between concat(#{startDate}, ' 00:00:00') and concat(#{endDate}, ' 23:59:59')
        </if>
		order by id asc
		<if test="offset != null">limit #{offset},#{pageSize}</if>
	</select>
</mapper>