<?xml version="1.0" encoding="UTF-8"?>
<!DOCTYPE mapper PUBLIC "-//mybatis.org//DTD Mapper 3.0//EN" 
"http://mybatis.org/dtd/mybatis-3-mapper.dtd">
<mapper namespace="com.stomato.dao.AppCategoryDao">
	<resultMap type="com.stomato.domain.AppCategory" id="category"> 
		<result property="id" column="id" />
		<result property="typeName" column="type_name" />
		<result property="description" column="description"/>
		<result property="parent" column="parent"/>
		<result property="visible" column="visible"/>
		<result property="status" column="status"/>
		<result property="orderNo" column="order_no"/>
	</resultMap>
	
	<insert id="addCategory" parameterType="com.stomato.domain.AppCategory">
		insert into t_category (type_name,
							description,
							parent,
							visible,
							order_no) 
		values (#{typeName},#{description},#{parent},#{visible},#{orderNo})
	</insert>
	<select id="getCategory" parameterType="int" resultMap="category" >
		select id,
				type_name,
				description,
				parent,
				visible,
				order_no
				from t_category where id=#{id}
	</select>
	<update id="updateCategory" parameterType="com.stomato.domain.AppCategory">
		update t_category 
		<set>
			<if test="typeName != null">type_name=#{typeName},</if>
			<if test="description != null">description=#{description},</if>
			<if test="parent != null">parent=#{parent},</if>
			<if test="visible != null">visible=#{visible},</if>
			<if test="orderNo != null">order_no=#{orderNo}</if>
		</set>
        where id = #{id}
	</update>
	<delete id="deleteCategory" parameterType="int">
		delete from t_category where id = #{id}
	</delete>
	
	<select id="listTotal" parameterType="com.stomato.form.AppCategoryFormParam" resultType="int" >
		select count(1) from t_category where 1=1
		<if test="typeName != null">
		 	and type_name like '%${typeName}%'
		</if>
	</select>
	<select id="listCategory" parameterType="com.stomato.form.AppCategoryFormParam" resultMap="category" >
		select  id,
				type_name,
				description,
				parent,
				visible,
				order_no
				from t_category where 1=1
		<if test="typeName != null">
		 	and type_name like '%${typeName}%'
		</if>
		<if test="parent != null">
			and parent = #{parent}
		</if>
		<if test="visible != null">
			and visible = #{visible}
		</if>
		order by order_no asc
	</select>
</mapper>