<?xml version="1.0" encoding="UTF-8"?>
<!DOCTYPE mapper PUBLIC "-//mybatis.org//DTD Mapper 3.0//EN" 
"http://mybatis.org/dtd/mybatis-3-mapper.dtd">
<mapper namespace="com.stomato.dao.AppDao">

	<resultMap type="com.stomato.domain.App" id="app"> 
		<result property="id" column="id" />
		<result property="key" column="app_key" />
        <result property="uid" column="uid"/>
		<result property="name" column="name"/>
        <result property="pkg" column="pkg"/>
        <result property="icon" column="icon"/>
        <result property="type" column="type"/>
        <result property="status" column="status"/>
		<result property="lastUpdateTime" column="last_update_time"/>
		<result property="createTime" column="create_time"/>
	</resultMap>
	
	<insert id="addApp" parameterType="com.stomato.domain.App" useGeneratedKeys="true" keyProperty="id">
		insert into t_apps(id, app_key, uid, name, pkg, icon, status, create_time, type) values(#{id}, #{key}, #{uid}, #{name}, #{pkg}, #{icon}, #{status}, now(), #{type})
	</insert>
	
	<select id="getApp" parameterType="com.stomato.domain.App" resultMap="app" >
		select id,app_key,uid,name,pkg,last_update_time,icon,status,create_time,type from t_apps where app_key=#{key} and uid=#{uid} and is_del=0
	</select>
	
	<select id="getAppList" parameterType="int" resultMap="app" >
		select id,app_key,uid,name,pkg,last_update_time,icon,status,create_time,type from t_apps where uid=#{uid} and is_del=0 order by id asc;
	</select>
	<select id="listTotal" parameterType="com.stomato.domain.FormParam" resultType="int" >
		select count(1) from t_apps where is_del=0
		<if test="name != null">
		 	and name like '%${name}%'
		</if>
		<if test="uid != null">
		 	and uid = #{uid}
		</if>
		<if test="startDate != null">
		    and create_time between concat(#{startDate}, ' 00:00:00') and concat(#{endDate}, ' 23:59:59')
		</if>
	</select>
	<select id="listApps" parameterType="com.stomato.domain.FormParam" resultMap="app" >
		select  id,app_key,uid,name,pkg,last_update_time,icon,status,create_time,type from t_apps where is_del=0
		<if test="name != null">
		 	and name like '%${name}%'
		</if>
		<if test="uid != null">
		 	and uid = #{uid}
		</if>
		<if test="startDate != null">
            and create_time between concat(#{startDate}, ' 00:00:00') and concat(#{endDate}, ' 23:59:59')
        </if>
		order by id asc
		<if test="offset != null">limit #{offset},#{pageSize}</if>
	</select>
	<select id="getAppListForMap" parameterType="com.stomato.domain.FormParam" resultType="map" >
		SELECT
			tb1.id,
			tb1.app_key AS appKey,
			tb1.uid,
			tb1.name,
			tb1.pkg,
			tb1.last_update_time AS lastUpdateTime,
			tb1.icon,
			tb1.status,
			tb1.create_time as createTime,
			tb1.type,
		  tb2.allow_lbs as allowLbs,
			tb2.allow_push as allowPush,
		  tb2.allow_richpush as allowRichpush
		FROM
			t_apps as tb1 ,
		  t_app_business as tb2
		WHERE
		  tb1.id = tb2.app_id
		  and is_del = 0
		<if test="name != null">
		 	and name like '%${name}%'
		</if>
		<if test="uid != null">
		 	and uid = #{uid}
		</if>
		<if test="startDate != null">
            and create_time between concat(#{startDate}, ' 00:00:00') and concat(#{endDate}, ' 23:59:59')
        </if>
		order by id asc
		<if test="offset != null">limit #{offset},#{pageSize}</if>
	</select>
	<select id="getLastedAppList" parameterType="int" resultMap="app" >
		select id,app_key,uid,name,pkg,last_update_time,icon,status,create_time,type from t_apps where uid=#{uid} and is_del=0 order by id desc limit 0,5;
	</select>
	
	<select id="getAllAppList" parameterType="com.stomato.domain.FormParam" resultMap="app" >
        select id,app_key,uid,name,pkg,last_update_time,icon,status,create_time,type from t_apps 
        where is_del=0 
        <if test="name != null">
		 	and name like '%${name}%'
		</if>
		<if test="uid != null">
		 	and uid = #{uid}
		</if>
		<if test="startDate != null">
            and create_time between concat(#{startDate}, ' 00:00:00') and concat(#{endDate}, ' 23:59:59')
        </if>
		order by id asc
		<if test="offset != null">limit #{offset},#{pageSize}</if>
    </select>
	
	<select id="checkAppPackage" parameterType="com.stomato.domain.App" resultType="int">
	    select count(*) from t_apps where uid=#{uid} and pkg=#{pkg} and is_del=0
	</select>
	
	<update id="updateApp" parameterType="com.stomato.domain.App">
		update t_apps
        <set>
            <if test="name != null">name=#{name},</if>
            <if test="status != null">status=#{status},</if>
            <if test="icon != null">icon=#{icon},</if>
            <if test="type != null">type=#{type}</if>
        </set>
		where app_key=#{key} and uid=#{uid} and is_del=0
	</update>
	
	<update id="deleteApp" parameterType="com.stomato.domain.App">
        update t_apps set is_del=1 where app_key=#{key} and uid=#{uid}
	</update>
	
</mapper>