<?xml version="1.0" encoding="UTF-8"?>
<!DOCTYPE mapper PUBLIC "-//mybatis.org//DTD Mapper 3.0//EN" 
"http://mybatis.org/dtd/mybatis-3-mapper.dtd">
<mapper namespace="com.stomato.dao.CompanyDao">
	<resultMap type="com.stomato.domain.Company" id="company"> 
		<result property="id" column="id" />
		<result property="name" column="name" />
		<result property="description" column="description" />
		<result property="createDate" column="create_date"/>
		<result property="status" column="status"/>
	</resultMap>
	<insert id="addCompany" parameterType="com.stomato.domain.Company">
		insert into t_company (name,
							description,
							create_date,
							status) 
		values (#{name},#{description},now(),1)
	</insert>
	<select id="getCompany" parameterType="int" resultMap="company" >
		select id,
				name,
				description,
				create_date,
				status
				from t_company where id=#{id}
	</select>
	<update id="updateCompany" parameterType="com.stomato.domain.Company">
		update t_company 
		<set>
			<if test="name != null">name=#{name},</if>
			<if test="description != null">description=#{description},</if>
			<if test="status != null">status=#{status}</if>
		</set>
        where id = #{id}
	</update>
	<delete id="deleteCompany" parameterType="int">
		delete from t_company where id = #{id}
	</delete>
	
	<select id="listTotal" parameterType="com.stomato.form.CompanyFormParam" resultType="int" >
		select count(1) from t_company where 1=1
		<if test="name != null">
		 	and name like '%${name}%'
		</if>
		<if test="status != null">
		 	and status = #{status}#
		</if>
		<if test="startDate != null">
            and create_date between concat(#{startDate}, ' 00:00:00') and concat(#{endDate}, ' 23:59:59')
        </if>
	</select>
	<select id="listCompany" parameterType="com.stomato.form.CompanyFormParam" resultMap="company" >
		select  id,
				name,
				description,
				create_date,
				status
				from t_company where 1=1
		<if test="name != null">
		 	and name like '%${name}%'
		</if>
		<if test="status != null">
		 	and status = #{status}#
		</if>
		<if test="startDate != null">
            and create_date between concat(#{startDate}, ' 00:00:00') and concat(#{endDate}, ' 23:59:59')
        </if>
		order by create_date asc
		<if test="offset != null">limit #{offset},#{pageSize}</if>
	</select>
</mapper>