<?xml version="1.0" encoding="UTF-8"?>
<!DOCTYPE mapper PUBLIC "-//mybatis.org//DTD Mapper 3.0//EN" 
"http://mybatis.org/dtd/mybatis-3-mapper.dtd">
<mapper namespace="com.stomato.dao.CredentialsDao">

	<resultMap type="com.stomato.domain.Credentials" id="credentials"> 
		<result property="id" column="id" />
		<result property="uid" column="uid" />
		<result property="credentialsType" column="credentials_type"/>
		<result property="credentialsNo" column="credentials_no"/>
		<result property="credentialsPhoto1" column="credentials_photo1"/>
		<result property="credentialsPhoto2" column="credentials_photo2"/>
		<result property="bankName" column="bank_name"/>
		<result property="bankCard" column="bank_card"/>
		<result property="bankAccount" column="bank_account"/>
		<result property="bankAddress" column="bank_address"/>
		<result property="lastUpdateTime" column="last_update_time"/>
		<result property="createTime" column="create_time"/>
	</resultMap>

	<insert id="addCredentials" parameterType="com.stomato.domain.Credentials">
		INSERT INTO t_credentials (
			uid,
			credentials_type,
			credentials_no,
			credentials_photo1,
			credentials_photo2,
			bank_name,
			bank_card,
			bank_account,
			bank_address,
			last_update_time,
			create_time
		)
		VALUES
			(#{uid}, 
			#{credentialsType}, 
			#{credentialsNo}, 
			#{credentialsPhoto1}, 
			#{credentialsPhoto2}, 
			#{bankName}, 
			#{bankCard}, 
			#{bankAccount}, 
			#{bankAddress},
			now(), 
			now())
	</insert>
	<update id="updateCredentials" parameterType="com.stomato.domain.Credentials">
		update t_credentials set credentials_type=#{credentialsType},
								 credentials_no=#{credentialsNo},
								 credentials_photo1=#{credentialsPhoto1},
								 credentials_photo2=#{credentialsPhoto2},
								 bank_name=#{bankName},
								 bank_card=#{bankCard},
								 bank_account=#{bankAccount},
								 bank_address=#{bankAddress},
								 last_update_time=now() 
		where uid=#{uid}
	</update>
	<select id="getCredentials" parameterType="com.stomato.domain.Credentials" resultMap="credentials" >
		select * from t_credentials where id=#{id}
	</select>
	<select id="getCredentialsByUser" parameterType="com.stomato.domain.Credentials" resultMap="credentials" >
		select * from t_credentials where uid=#{uid}
	</select>
</mapper>