<?xml version="1.0" encoding="UTF-8"?>
<!DOCTYPE mapper PUBLIC "-//mybatis.org//DTD Mapper 3.0//EN" 
"http://mybatis.org/dtd/mybatis-3-mapper.dtd">
<mapper namespace="com.stomato.dao.MenuDao">

	<resultMap type="com.stomato.domain.Menu" id="menu"> 
		<result property="id" column="id" />
		<result property="name" column="menuname" />
		<result property="desc" column="description" />
		<result property="path" column="path"/>
		<result property="parent" column="parent"/>
		<result property="visible" column="visible"/>
		<result property="status" column="status"/>
		<result property="orderNo" column="order_no"/>
	</resultMap>
	<insert id="addMenu" parameterType="com.stomato.domain.Menu">
		insert into t_menu(menuname, description, path,parent,visible,order_no,status) values(#{name}, #{desc}, #{path},#{parent},#{visible},#{orderNo},1)
	</insert>
	<select id="listTotal" parameterType="com.stomato.domain.Menu" resultType="int" >
		select count(1) from t_menu where status = 1
		<if test="name != null">
				and menuname like '%${name}%'
		</if>
		<if test="visible != null">and visible = #{visible}</if>
	</select>
	<select id="listMenu" parameterType="com.stomato.domain.MenuParam" resultMap="menu" >
		SELECT
			id,
			menuname,
			description,
			path,
			parent,
			visible,
			order_no
		FROM
			t_menu
		where status = 1
		<if test="parent != null">and parent = #{parent}</if>
		<if test="name != null">
				and menuname like '%${name}%'
		</if>
		<if test="visible != null">and visible = #{visible}</if>
		order by order_no asc
		<if test="offset != null">limit #{offset},#{pageSize}</if>
	</select>
	<select id="listParentMenu" resultMap="menu" >
		SELECT
			id,
			menuname,
			description,
			path,
			parent,
			visible,
			order_no
		FROM
			t_menu
		WHERE
			status = 1 and parent = 0 order by order_no asc
	</select>
	<select id="listMenuByIds" resultMap="menu" >
		SELECT
			id,
			menuname,
			description,
			path,
			parent,
			visible,
			order_no
		FROM
			t_menu
		WHERE
			status = 1 and id in
		  <foreach item="item" index="index" collection="list" open="(" separator="," close=")">
		        #{item}
		  </foreach>
		order by order_no asc
	</select>
	<select id="listParentMenuByRole" parameterType="int" resultMap="menu" >
		SELECT
			tb1.id,
			menuname,
			description,
			path,
			parent,
			visible,
			order_no
		FROM
			t_menu tb1
		INNER JOIN t_role_menu AS tb2 ON tb1.id = tb2.menu_id
		WHERE
			tb2.role_id = #{roleId} and tb1.status = 1 and tb1.visible = 1 and tb1.parent = 0 order by tb1.order_no asc
	</select>
	<select id="getMenu" parameterType="int" resultMap="menu" >
		select id,menuname,description,path,parent,visible,order_no from t_menu where id=#{id}
	</select>
	<update id="updateMenu" parameterType="com.stomato.domain.Menu">
		update t_menu
        <set>
            <if test="name != null">menuname=#{name},</if>
            <if test="desc != null">description=#{desc},</if>
            <if test="path != null">path=#{path},</if>
            <if test="parent != null">parent=#{parent},</if>
            <if test="visible != null">visible=#{visible},</if>
            <if test="orderNo != null">order_no=#{orderNo},</if>
        </set>
		where id=#{id}
	</update>
	<delete id="deleteMenu" parameterType="int">
        delete from t_menu where id=#{id}
	</delete>
</mapper>