<?xml version="1.0" encoding="UTF-8"?>
<!DOCTYPE mapper PUBLIC "-//mybatis.org//DTD Mapper 3.0//EN" 
"http://mybatis.org/dtd/mybatis-3-mapper.dtd">
<mapper namespace="com.stomato.dao.PasswordDao">

    <resultMap type="com.stomato.domain.Password" id="pwd"> 
        <result property="email" column="email" />
        <result property="token" column="token" />
        <result property="expireTime" column="expire_time"/>
        <result property="enable" column="enable"/>
    </resultMap>
    
    <insert id="insert" parameterType="com.stomato.domain.Password">
        insert into t_reset_pwd(email, token, expire_time, enable) values(#{email}, #{token}, DATE_ADD(now(), INTERVAL 1 DAY_HOUR), 0)
    </insert>
    
    <select id="select" parameterType="String" resultMap="pwd">
        select * from t_reset_pwd where token=#{token} and expire_time>now()  and enable=0 order by expire_time desc limit 0, 1
    </select>
    
    <select id="exist" parameterType="String" resultType="int">
        select count(1) from t_reset_pwd where email=#{email}
    </select>
    
    <update id="update" parameterType="com.stomato.domain.Password">
        update t_reset_pwd
        set token=#{token}, expire_time=DATE_ADD(now(), INTERVAL 1 DAY_HOUR), enable=0
        where email=#{email}
    </update>
    
    <update id="delete" parameterType="String">
        update t_reset_pwd
        set expire_time=DATE_ADD(now(), INTERVAL -1 DAY_HOUR), enable=1
        where email=#{email}
    </update>
    
</mapper>