<?xml version="1.0" encoding="UTF-8"?>
<!DOCTYPE mapper PUBLIC "-//mybatis.org//DTD Mapper 3.0//EN" 
"http://mybatis.org/dtd/mybatis-3-mapper.dtd">
<mapper namespace="com.stomato.dao.RoleMenuDao">
	<resultMap type="com.stomato.domain.RoleMenu" id="roleMenu"> 
		<result property="id" column="id" />
		<result property="roleId" column="role_id" />
		<result property="menuId" column="menu_id" />
	</resultMap>
	
	<insert id="addRoleMenu" parameterType="com.stomato.domain.RoleMenu">
		insert into t_role_menu (role_id , menu_id) values (#{roleId},#{menuId})
	</insert>
	<select id="listRoleMenu" resultType="int" >
		select menu_id from t_role_menu where role_id = #{role_id}
	</select>
	<delete id="deleteRoleMenu" parameterType="int">
		delete from t_role_menu where role_id = #{role_id}
	</delete>
</mapper>