<?xml version="1.0" encoding="UTF-8"?>
<!DOCTYPE mapper PUBLIC "-//mybatis.org//DTD Mapper 3.0//EN" 
"http://mybatis.org/dtd/mybatis-3-mapper.dtd">
<mapper namespace="com.stomato.dao.TempAppDao">

	<resultMap type="com.stomato.domain.TempApp" id="app"> 
		<result property="key" column="app_key" />
        <result property="uid" column="uid"/>
        <result property="status" column="status"/>
		<result property="name" column="name"/>
		<result property="pkg" column="pkg"/>
		<result property="lastUpdateTime" column="last_update_time"/>
		<result property="createTime" column="create_time"/>
	</resultMap>
	
	<insert id="addApp" parameterType="com.stomato.domain.TempApp">
		insert into t_temp_apps(app_key, uid, name, pkg, create_time) values(#{key}, #{uid}, #{name}, #{pkg}, now())
	</insert>
	
	<select id="getApp" parameterType="com.stomato.domain.TempApp" resultMap="app" >
		select * from t_temp_apps where app_key=#{key} and uid=#{uid}
	</select>
	
	<select id="getAppList" parameterType="int" resultMap="app" >
		select status,app_key,uid,name,pkg,last_update_time,create_time from t_temp_apps where uid=#{uid} order by create_time asc;
	</select>
	
	<update id="updateApp" parameterType="com.stomato.domain.TempApp">
		update t_temp_apps
		<set>
            <if test="name != null">name=#{name}</if>
            <if test="status != null">status=#{status}</if>
		</set>
		where app_key=#{key} and uid=#{uid} and status=0
	</update>
	
	<update id="deleteApp" parameterType="com.stomato.domain.TempApp">
        delete from t_temp_apps where app_key=#{key} and uid=#{uid}
	</update>
	
</mapper>