<?xml version="1.0" encoding="UTF-8"?>
<!DOCTYPE mapper PUBLIC "-//mybatis.org//DTD Mapper 3.0//EN" 
"http://mybatis.org/dtd/mybatis-3-mapper.dtd">
<mapper namespace="com.stomato.dao.TransferDao">

	<resultMap type="com.stomato.domain.Transfer" id="transfer">
		<result property="transferNo" column="transfer_no"/>
		<result property="uid" column="uid"/>
		<result property="payType" column="pay_type"/>
		<result property="payInfo" column="pay_info"/>
		<result property="transferAmount" column="transfer_amount"/>
		<result property="createDate" column="create_date"/>
		<result property="lastUpdateDate" column="last_update_date"/>
	</resultMap>
	
	<insert id="insert" parameterType="com.stomato.domain.Transfer">
		insert into 
		t_transfer_history(transfer_no, uid, pay_type, pay_info, transfer_amount, create_date)
		values(#{transferNo}, #{uid}, #{payType}, #{payInfo}, #{transferAmount}, now())
	</insert>
	
	<select id="select" parameterType="com.stomato.domain.Transfer" resultMap="transfer" >
		select * from t_transfer_history where transfer_no=#{transferNo} and uid=#{uid}
	</select>
	
	<select id="selectAll" parameterType="int" resultMap="transfer" >
		select * from t_transfer_history where uid=#{uid} order by create_date desc
	</select>
	
</mapper>