<?xml version="1.0" encoding="UTF-8"?>
<!DOCTYPE mapper PUBLIC "-//mybatis.org//DTD Mapper 3.0//EN" 
"http://mybatis.org/dtd/mybatis-3-mapper.dtd">
<mapper namespace="com.stomato.dao.UserImeiDao">

	<resultMap type="com.stomato.domain.UserImei" id="userImei">
        <result property="id" column="id" />
        <result property="uid" column="uid" />
		<result property="appId" column="app_id" />
		<result property="imei" column="imei"/>
        <result property="status" column="status" />
        <result property="pushUid" column="push_uid" />
		<result property="description" column="description"/>
        <result property="createTime" column="create_time" />
	</resultMap>
	
	<insert id="insert" parameterType="com.stomato.domain.UserImei" useGeneratedKeys="true" keyProperty="id">
		insert into t_user_imei(uid, app_id, imei, description, create_time)
					     values(#{uid}, #{appId}, #{imei}, #{description}, now())
	</insert>
	
	<select id="select" parameterType="com.stomato.domain.UserImei" resultMap="userImei" >
        select * 
          from t_user_imei
         where uid=#{uid}
           and app_id=#{appId}
           and id=#{id}
    </select>
	
	<select id="selectAll" parameterType="com.stomato.domain.UserImei" resultMap="userImei" >
		select * 
		  from t_user_imei
		 where uid=#{uid}
		   and app_id=#{appId}
		order by create_time asc
	</select>
	
	<update id ="update" parameterType="com.stomato.domain.UserImei">
	    update t_user_imei
	       set imei=#{imei}
	         , description=#{description}
	         , push_uid=#{pushUid}
	         , status=#{status}
	     where id=#{id}
	       and uid=#{uid}
	       and app_id=#{appId}
	</update>
	
	<delete id="delete" parameterType="com.stomato.domain.UserImei">
        delete 
          from t_user_imei
         where uid=#{uid}
           and app_id=#{appId}
           and id=#{id}
    </delete>
	
</mapper>