<?xml version="1.0" encoding="UTF-8"?>
<!DOCTYPE mapper PUBLIC "-//mybatis.org//DTD Mapper 3.0//EN" 
"http://mybatis.org/dtd/mybatis-3-mapper.dtd">
<mapper namespace="com.stomato.dao.UserChannelDao">
	<resultMap type="com.stomato.domain.UserChannel" id="UserChannel"> 
		<result property="id" column="id" />
		<result property="companyId" column="company_id" />
		<result property="companyName" column="company_name"/>
		<result property="channelNo" column="channel_no" />
		<result property="description" column="description" />
		<result property="createDate" column="create_date"/>
		<result property="lastUpdateTime" column="last_update_time"/>
		<result property="status" column="status"/>
	</resultMap>
	
	<insert id="addUserChannel" parameterType="com.stomato.domain.UserChannel">
		insert into t_user_channel (company_id,
							company_name,
							channel_no,
							description,
							create_date,
							last_update_time,
							status) 
		values (#{companyId},#{companyName},#{channelNo},#{description},now(),now(),1)
	</insert>
	
	<select id="getUserChannel" parameterType="int" resultMap="UserChannel" >
		select id,
				company_id,
				company_name,
				channel_no,
				description,
				create_date,
				last_update_time,
				status
		 from t_user_channel where id=#{id}
	</select>
	<update id="updateUserChannel" parameterType="com.stomato.domain.UserChannel">
		update t_user_channel 
		<set>
			<if test="companyId != null">company_id=#{companyId},</if>
			<if test="companyName != null">company_name=#{companyName},</if>
			<if test="channelNo != null">channel_no=#{channelNo},</if>
			<if test="description != null">description=#{description},</if>
			<if test="status != null">status=#{status},</if>
			last_update_time=now()
		</set>
        where id = #{id}
	</update>
	<delete id="deleteUserChannel" parameterType="int">
		delete from t_user_channel where id = #{id}
	</delete>
	<select id="listTotal" parameterType="com.stomato.form.UserChannelFormParam" resultType="int" >
		select count(1) from t_user_channel where 1=1
		<if test="companyId != null">
		 	and company_id like '%${companyId}%'
		</if>
		<if test="channelNo != null">
		 	and channel_no like '%${channelNo}%'
		</if>
	</select>
	<select id="listUserChannel" parameterType="com.stomato.form.UserChannelFormParam" resultMap="UserChannel" >
		select  id,
				company_id,
				company_name,
				channel_no,
				description,
				create_date,
				last_update_time,
				status
				from t_user_channel where 1=1
		<if test="companyId != null">
		 	and company_id like '%${companyId}%'
		</if>
		<if test="channelNo != null">
		 	and channel_no like '%${channelNo}%'
		</if>
		order by last_update_time desc
		<if test="offset != null">limit #{offset},#{pageSize}</if>
	</select>
</mapper>